Assay_Set,Forward_Primer,Reverse_Primer,Probe,Gene_Target,Reference,Oligo_Type,Pool,Notes
1,CGTGCGGTAATTGAAGCTATGA,TGTGGCCCCAGCAACTCT,FAM-TGCTTGCCCTTGTATAGGGT-NFQ,wchD,Azzari et al. 2010 [1],Standard,A,
2,TTATGGACTGGCTGATGGTTCTC,AAATCCTGACCCAATAATAGCCTTT,FAM-AGGTCAACG/ZEN/TATTGGAAC TCTTAGAAATTGGGAAA-IABkFQ,wzy,Pholwat et al. 2016 [2],Modified (DPO/LNA),C,
3,GGTCAGCAGAAAGTATGCATTGG,TCGTTTATCCAGGGTCTGATGA,VIC-TATTGGATGTGGT TTATCGTGAAGA-NFQ,tnp,Azzari et al. 2010 [1],Standard,B,
4,TGGGATGACATTTCTACGCACTA,CCGTCGCTGATGCTTTATCA,FAM-TCCTATTGGATG GTTAGTTGGTGA-NFQ,wzy,Azzari et al. 2010 [1],Standard,A,
5,TTACGGGAGTATCTTATGTCTTTAATGG,CAGCATTCCAGTAGCCTAAAACTAGA,VIC-TTGTCTCAGCAACT CTATTTGGCTGTGGG-NFQ,wzy,Azzari et al. 2010 [1],Standard,A,
6A/B/C/D (F/G/H),AAGTTTGCACTAGAGTATGGGAAGGT,ACATTATGTCCRTGTCTTCGATACAAG,VIC-GTTCTGCCCTGAGCAACTGG-NFQ,wciP,Azzari et al. 2010 [1],Standard,A,Covers serogroup 6 broadly; listed as 6A/B/C/D in pool table
6A/C,CATTGCTAGAGATGGTTCCTTC AGTTGATATTGATAAAGATTCG GGAGACATGTCCAAACTGGC,CGATACAAGACCAGTTGC,FAM-GTTTGCACT/ZEN/AGAGTA TGGGAAGGTGTTGT-IABkFQ,wciPα,Downs et al. 2021 [3],Modified (DPO/LNA),C,
6C/D,TTGGGATGATTGGTCGTATTAG,CTCTTCAATTAGTTCTTCAGTTCG,FAM-CCACGCAATTCGCCATC-NFQ,wciNβ,Azzari et al. 2010 [1],Standard,B,
7A/F,GATGGCATGTGGCAAACCA,TTTGCCCTCCTTAATCATTTCAC,FAM-TTGGCTATCGGCATGGTGGT-NFQ,wcwH,Azzari et al. 2010 [1],Standard,C,
7B/C/40,TCCAGATATAGTCATTCCCAATCAG,AAAGAAGGTAAATCCCATGATGAATT,FAM-TCCCTCATTATCGATTA CTGACCCACCA-BHQ1,wcxU,Pholwat et al. 2016 [2],Modified (DPO/LNA),B,
8,CCACTCATCAGTTTCCCATATGTTT,TCAATAATTGAAGAAGCGAACGTT,FAM-TGATGGCAGAT GGGTTGGGACGAG-NFQ,wzx,Azzari et al. 2010 [1],Standard,A,
9A/L/N/V,TGGAATGGGCAAAGGGTAGTA,TCGGTTCCCCAAGATTTTCTC,FAM-TTAATCATGCTAACGG CTCATCGA-BHQ1,mnaA,Olwagen et al. 2017 [4],Modified (DPO/LNA),A,
9A/V,AGGTATCCTATATACTGCTTTAGG,CGAATCTGCCAATATCTGAAAG,FAM-ACACATTGA CAACCGCTACA-BHQ1,wzx,Pholwat et al. 2016 [2],Modified (DPO/LNA),B,
9L/N,CGTGGAATTTTCTATACTGCAATAGG,CTACTGCTACGATACCATATTCTACAG,FAM-CAATTCTTAG CCGGATTCTCTC-BHQ1,wzx,Pholwat et al. 2016 [2],Modified (DPO/LNA),C,
10A/B,CCTCTCCTATCAACTAT TACTCATTATACTACCT,AATAACCATAAGTCC CTAGATCATTCAAAG,VIC-TCATTACAACTCCCTA TGTGACACGGGTCTTTT-NFQ,wcrD,Azzari et al. 2010 [1],Standard,C,
10B,AAATATGAGATTGGT AAGGAATATTCTGG,GTCTTTTCACTTAAACGAATTCCATTC,FAM-AACGGATTCCAATGC ACTCGGTAACT-NFQ,wcrD,Pholwat et al. 2016 [2],Standard,B,
10C/F,CGAGTTATGGATGTTCTTATTGGC,CCCAACCCCACTCTGTATTG,FAM-ACAGGGCAAGACTGT GAATATTGTTCCA-NFQ,wcjG,Sakai et al. 2017 [5],Standard,A,
11A/B/C/ D/F/(E),ACCGCATTTCTTATCGCACTATATT,TCTCCTTACCATCAAACATGTTAATCA,FAM-TGAATCAGTCTGACCGTTT-NFQ,wzx,Olwagen et al. 2017 [4],Standard,B,
11A/D,CGGCCCAGCTACATTTATGG,TGATCATTCACATGCTCACCAA,FAM-AAATACCAATAGTTGT TCCGAGATTAAAGAAGT-NFQ,wchK,Pholwat et al. 2016 [2],Standard,A,
11B/C,TCAAATTTGGCGTATTGCTTATCA,TGATTATGAGCATAGTTGATCCCC,FAM-TCCGTGGCAAGATTCT GGTGCTAAG-NFQ,wzy,Sakai et al. 2017 [5],Standard,C,
11F,TGGTCCAGCTACTTTTATGGC,TGATCATTCACATGCTCCCC,VIC-ACTCCAATAGTTGTTC CGAGGCAAAAGA-NFQ,wchK,Pholwat et al. 2016 [2],Standard,A,
12A/B/F/44/ 46,GATTATTCGCTTGCCTCTTCATG,ATAGCCGAAATAAGCTTTCCAGAA,FAM-ATTTGTAAGCG GACGTGCGATT-NFQ,mnaB,Azzari et al. 2010 [1],Standard,A,"Covers serotypes 12A, 12B, 12F, 44, 46"
12B,GGTTGCTGATCAAAAGGTCTATG,AGGTTCAAAGTAAGATTTTTAGCAA,FAM-AGATAAAAATCTTTCC AAATCATCAAAGTGA-NFQ,wzx,Pholwat et al. 2016 [2],Standard,B,
13,TCGGATTTAGTAGTAACCCCATTGA,TTCTTGATTGAGGATGCATTTCC,VIC-AGTAGTAAGAG ATCATATTCAAG-NFQ,wzy,Olwagen et al. 2017 [4],Standard,B,
14,CGACTGAAATGTCACTAGGAGAAGAT,AATACAGTCCATCAA TTACTGCAATACTC,VIC-TGTCATTCGTTTGCCA ATACTTGATGGTCTC-NFQ,wchL,Azzari et al. 2010 [1],Standard,A,
15A/B/C/F,TTGAATCAGGTAGATTGATTTCTGCTA,CTCTAGGAATCAAAT ACTGAGTCCTAATGA,FAM-CTCCGGCTTT TGTCTTCTCTGT-BHQ1,wzx,Azzari et al. 2010 [1],Modified (DPO/LNA),B,
15A/F,CGTTATTTAGTGAATTGCTATACTC,TCCCTGCAGAATAAGAATCTAC,FAM-TACtGCtGCtGCcAACA-BHQ1,wzy,Messaoudi et al. 2016 [6],Modified (DPO/LNA),C,
15B/C,TTTGCTACAGGTTTTAGTATTGAG,AAAGCAATATAAGAGGTATAGTTGG,FAM-CGCtACaATcATcCGCT-BHQ1,wzy,Messaoudi et al. 2016 [6],Modified (DPO/LNA),A,
16A,GCTAGCAGGAACTTTTCTAGGG,TCCCTGTCCAAATCCGAAAC,FAM-CCCACGGGATGAATC CATTATGGCG-NFQ,wcxR,Sakai et al. 2017 [5],Standard,B,
16F,GCAACTGGTATTTTTGATATTGGAGAA,CAAAGGAATGCCATGCCATA,FAM-AAAATGCTAAC TTCGTTGGAGG-NFQ,wzy,Olwagen et al. 2017 [4],Standard,A,
17A,TGATTATGTCATTCGATTGCTTGG,AAATCCTAAAATTCCTGTTTGAAAAGC,FAM-ATTATGGGCGTG GGTTACCGTAGG-NFQ,wzy,Sakai et al. 2017 [5],Standard,A,
17F,GTAAAGATTTCATGT CCTATAAGGGAGAA,AGGCGTCCCTGTTTATGAGAAG,FAM-TTGTACATGGTCTGGATTT-NFQ,Wzx,Olwagen et al. 2017 [4],Standard,C,
18A/B/C/F,CCTGTTGTTATTCACGCCTTACG,TTGCACTTCTCGAATAGCCTTACTC,FAM-AACCGTTGGC CCTTGTGGTGGA-BHQ1,wzy,Azzari et al. 2010 [1],Modified (DPO/LNA),A,Referred to as 18A/B/C in pool assignments; assay sometimes does not detect 18F
18B/C/F,CAGGATTTCTAACTCTGATTGAA,AGCAAAATCTAACGTCCAGAG,FAM-CTTGTATGCTTATGG TCTTTTCGATTA-BHQ1,wciXBCF,Downs et al. 2021 [3],Modified (DPO/LNA),B,
18C/F,CCAAATTGGAGTGTTTTACAA AGTATTAGCTCGATTTGCTGT ACACGTCGACGCTTCAATTTCAGG,TCTTTCAAATACAACT CTTAGATTTCCTTGTG,FAM-TGagtTTATTGATAATttcC-BHQ1,wciXCF,Downs et al. 2021 [3],Modified (DPO/LNA),C,Replaced 23A in Pool C; use bacterial controls (not g-blocks) for validation
18F:  16F/18F/28AF,TGGTTTCGGACTCTTTCGTGG,CTAAGATAGAAACTCCTTGTCCAATG,FAM-GGTTGTACGTGGAAT CGGATTTGGTC-BHQ1,wcxM,Downs et al. 2021 [3],Modified (DPO/LNA),C,"Covers 16F, 18F, and 28A/F; Pool C in updated panel"
19A,TTCGACGACGTATCAGCTTCA,TCATTGAGAGCCTTAACCTCTTCA,VIC-ACCCAAAACGGTTG ACGCATTATACT-NFQ,wzy,Azzari et al. 2010 [1],Standard,C,
19B/F,GGTCATGCGAGATACGACAGAA,TCCTCATCAGTCCCAACCAATT,VIC-ACCTGAAGGAGTAG CTGCTGGAACGTTG-NFQ,wzy,Azzari et al. 2010 [1],Standard,A,
19F,CAGGTTCGGGAAATTGCAA,ATCTCTGCGCCATAAGCAATG,VIC-AGAAGTGGCAGATGATT-NFQ,wzh,This study,Standard,B,Distinguishes 19F from 19B via wzh gene; designed in Downs 2023
20,AAAGATACTGGCTGAGGAGCTATCTATT,AGTCAAAAGTACTCAA CCATTCTGATATATTC,VIC-AGGATAAGGTCTACT TTGTGGGAGTTC-NFQ,wciL,Azzari et al. 2010 [1],Standard,A,
21,CCATTTGAAGGACCAGTTGTTG,AAAAAGCCACTATCAGGAATACCAA,FAM-AATGGCATTGCTTCGTAAA-NFQ,wzy,Olwagen et al. 2017 [4],Standard,C,
22A/F,TCTATTAAATAACCC ATTGGAATTGAAACG,TCGCAATTGAAGACCACATAAACTG,FAM-TCCGTAATTCGCTTA TGGGCACATTCTCCA-NFQ,wcwV,Azzari et al. 2010 [1],Standard,B,
22F,GAAGATTGTCCACCTTATATCC,TCGGCACAATCAAAATATC,FAM-CGGTTATTT/ZEN/ CACAAAAGACACGGTTGG-IABkFQ,wcwAF,Downs et al. 2021 [3],Modified (DPO/LNA),A,
23A/B/F,GGTGGACTTTCCGATGCAA,CACTGTCAACAAAAATGAGGTAATCTC,FAM-AAATGTCGGTATAGATAAAG-NFQ,wchV,Olwagen et al. 2017 [4],Standard,A,23A component removed from panel; 23A can be typed algorithmically from other assays
23B,TTGAAGAAATTGCTCCAGAAACAT,CCAAAAGACTAGCCTCAACCACTAA,FAM-TAGAGCTATTTATCTTT CGTGGTTTT-NFQ,wzx,Pholwat et al. 2016 [2],Standard,C,
23F,TGCTATTTGCGATCCTGTTCAT,AGAGCCTCCGTTGTTTCGTAAA,FAM-TTTCTCCGGCA TCAAACGTTAAG-NFQ,wzy,Azzari et al. 2010 [1],Standard,B,
24A,CTTGGAGTTGCTAATTATGGGAAG,ATCTCTTACACGTGCACACTC,FAM-CACAGCATATCGTAA AATACCCGCA-NFQ,wzx,Pholwat et al. 2016 [2],Standard,A,
24B/F,TCTGAAAGTAATTAG TAAGATTAACGGAAG,TCCATCTACTTTTAAAATAGCTCCAAC,FAM-CCACAGTCCCAAAAT TGTCAGCAACC-BHQ1,wzy,Sakai et al. 2017 [5],Modified (DPO/LNA),C,
25A/F,ATACCAACTAGAATCAGCAGGAC,AAATGGAATATCTTT TGATAATTTACTCGC,VIC-CCGCTGGACTTACTGCAATA-NFQ,wcyE,Pholwat et al. 2016 [2],Standard,B,
25A/F/38,GTCTTACGTAGAACCTCTCTGGATGA,TGGTCCTACAAGCGACATGTG,FAM-TTGCCACAGATTTGG AATATTTTGGTCGG-NFQ,wciI,Olwagen et al. 2017 [4],Standard,C,
27,AGCGATTTAGCGACTGATATCC,TCTCAAAATCGATCTCGCGTG,FAM-TGTGGAAGGCGT TTGAAGGTGACT-NFQ,whaK,Pholwat et al. 2016 [2],Standard,C,
28A/F,CAACTACAGGTATTTTTGATATCGGAG,GTTTACTACGTTTGTGAAGCGC,FAM-AGAAAATAGTAGGTT GATTGGCGGTGCT-NFQ,wcxP,Sakai et al. 2017 [5],Standard,A,
29,TTCGAGTTGTGCCGTTTTTACA,GGCGTACCCACCTCTAAAATTTT,VIC-TGAATCCTAGTCTTTTCTCTGCG-NFQ,wcrJ,Pholwat et al. 2016 [2],Standard,C,
31,GCAGAAGTTTTAAGTCACGGAC,AGCATTACAGATGTCACTAAGGG,FAM-CCCCCACGTAAAACCGCAAGG-NFQ,wzy,Pholwat et al. 2016 [2],Standard,C,
32A/F,GTACTTCCTGTTCTAGGCTTGG,CCCAGAGGAAAATAGCGTCTC,FAM-TTGTTCAAACC CAACCACTGCTCC-NFQ,wzy,Sakai et al. 2017 [5],Standard,C,
33A/F/37,GGAACTGGTTCAGCAACTATACG,GGTTCTAAGACCGTCTGAAATACC,FAM-TAGGACTTTTCTGCCATGCC-NFQ,wzy,Pholwat et al. 2016 [2],Standard,C,
33B/C,CCTGTTAGTGCACCTGTATTTAAC,GCATTCAAAACTCCTTCATCTCC,FAM-TTCGTTGTTCACGCCATTTA-NFQ,wciN,Pholwat et al. 2016 [2],Standard,B,
33C,CAGAGACAGTTTCAGCAAATCTTAG,AGCCTACACCTCTTATAAACGTTG,FAM-CCGTGTCCTATCCAC AAACTTGTCTTCC-NFQ,Wzy,Sakai et al. 2017 [5],Standard,B,Not listed separately in pool table; covered under 33B/C assay (Pool B)
33D,CGTATAGTCTTGCGACATTTCA,TTCCACATGCGTTACCTCAC,FAM-CACAACTAG/ZEN/TTTTTTA TCAAAAAGACCTTGGC-IABkFQ,wciN,Pholwat et al. 2016 [2],Modified (DPO/LNA),A,
34/37/17A,GGATACTATGTACGAACAGATGGACTTG,CTCACTAACTCGCCCGAATAAAC,FAM-CCGACTATACTCCATTTGA-NFQ,wciB,Olwagen et al. 2017 [4],Standard,B,
34,CGGTGGAGTAGGTCAAGATG,GTCTGTTCTCCCCAATATACTGAG,FAM-ACGGAGCGCCAATG TACTTGAATAGTT-NFQ,Wzy,Pholwat et al. 2016 [2],Standard,C,
35A/C/42,TGTTTCAAGCTTCCCCTTTAGA,AAATGAAATCAAAGTATCACGTATCG,FAM-TTCAAAATACCCAG GACACCCGTTCA-NFQ,wcrK,Pholwat et al. 2016 [2],Standard,C,
35B,GCATGGAGGTGGAGCATACA,TGTAAAGACTGCACAACTCGATATAAAA,FAM-CAATTTAAACAATATTAG TAAAGCGCAGGTCAAGCAAA-NFQ,wcrJ,Azzari et al. 2010 [1],Standard,B,
35F/47F,GTGGTCGTATATACT TGATGAATAAATCG,ACATACAAATTATCA ACATACAGATAGGTC,FAM-TTCAACTGGTCGTCCGAATA-NFQ,Wzy,Pholwat et al. 2016 [2],Standard,A,
36,CTTGTCTATTCAGCCCTTCTGG,CGCGATTATATTGTAAATTGGGAACT,VIC-AGAATGCCCGCTACAATGAG-NFQ,Wzy,Pholwat et al. 2016 [2],Standard,C,
39,CAAAAAAATGAACTA ACTCAAATAGTAACG,ATACTGTAATTTTCTTGTTTATTTGCGG,FAM-AAGTCAGGCGTATTC TTCACAAGGGAAA-NFQ,wcrG,Pholwat et al. 2016 [2],Standard,C,
41A,GCAAATAGATGTATCCCAGTTAACAC,GGTAGCTCTTTTGGTTTAATGTCC,FAM-CGACCGAATAGTCT AGCTTCAAAGG-NFQ,wciB,Pholwat et al. 2016 [2],Standard,C,
41F,TTTTTGGGAGGAAGTGCTTTT,AACCGCTTTCTCATGATTCATAACT,FAM-CTTCTGTGCTA ACAGTGGAGAT-NFQ,Wzx,Pholwat et al. 2016 [2],Standard,A,
43,AGAGGCTACATCAAATAGTTGGC,GAATCACACCGTAACTTCCAAAG,FAM-TCCAATAGTACTCA CCCCTACCGAGC-NFQ,Wzx,Pholwat et al. 2016 [2],Standard,C,
45,TCTAGCTACTTGACTA AAATATTTGAACTG,GACGAGTCGATTTCGCTGTAT,VIC-CTTTTAGTGACCTCGCTCCC-NFQ,Wzy,Pholwat et al. 2016 [2],Standard,C,
46,CGAAGTTTTTATATCTCTATTGGTTTG,TATCCCAGGAACTGGACGAA,FAM-TCATTCTTTCTTCAAT TCCTTTCTGA-NFQ,Wzy,Sakai et al.2015 [7],Standard,B,
47A/F,AGGAATTGGTAGAGAGTTTGTGG,GAAAGTTGAACCATCATCCGTC,FAM-CACTTGATGGA ATGCCTGCTGCC-NFQ,whaI,Pholwat et al. 2016 [2],Standard,B,
48,CAGGTTTTGCTTCATATGGGAG,ATCGGCCAAAAGTTATCATTAGC,FAM-CGCTGCTTATGTGTA TTACTCTCCCCTG-NFQ,Wzy,Sakai et al. 2017 [5],Standard,C,
19C,AATGGTTTTCAGATTACTTGATAGCTC,CGTTCCTTATGAGAGTGGTCAAG,FAM-TGTTCCTGCCCCCACATAATGAACT-NFQ,cps,Lancet Microbe 2023 (Supp Table 3),Standard,C,
19F Atypical,GTCCTTAGTTCTGGTTATTCGGG,GGATGAGGAACCGAATCGAAG,FAM-CCAGTTATGAAGGTGAGCTAACAGTGCG-NFQ,cps,Lancet Microbe 2023 (Supp Table 3),Standard,A,
